<?xml version="1.0" encoding="UTF-8"?>
<project-private xmlns="http://www.netbeans.org/ns/project-private/1">
    <editor-bookmarks xmlns="http://www.netbeans.org/ns/editor-bookmarks/2" lastBookmarkId="0"/>
    <open-files xmlns="http://www.netbeans.org/ns/projectui-open-files/2">
        <group>
            <file>file:/E:/Homework/pttk/do-an-PTTK/doan/Login_GUI/src/GUI/MainFrame.java</file>
            <file>file:/E:/Homework/pttk/do-an-PTTK/doan/Login_GUI/src/GUI/Login_GUI.java</file>
            <file>file:/E:/Homework/pttk/do-an-PTTK/doan/Login_GUI/src/BUS/Customer_BUS.java</file>
            <file>file:/E:/Homework/pttk/do-an-PTTK/doan/Login_GUI/src/GUI/Booking_Panel.java</file>
            <file>file:/E:/Homework/pttk/do-an-PTTK/doan/Login_GUI/src/DTO/Customer_DTO.java</file>
            <file>file:/E:/Homework/pttk/do-an-PTTK/doan/Login_GUI/src/DAL/Customer_DAL.java</file>
        </group>
    </open-files>
</project-private>
